,Solver,Solve Time,Success
0,CVXPY,0.060177400000000006,True
1,CVXPY,0.0674359,True
2,CLARABEL,0.1725265,True
3,CLARABEL,0.1403968,True
4,GUROBI,0.016000032424926758,True
5,GUROBI,0.05799984931945801,True
6,MOSEK,0.14100000000000001,True
7,MOSEK,0.14100000000000001,True
8,OSQP,1.3464284000000002,True
9,OSQP,1.3524622,True
10,SCS,0.5432738,True
11,SCS,0.33249059999999997,True
