,Solver,Solve Time
0,CVXPY,0.10384760000000001
1,CVXPY,0.0947366
2,CLARABEL,0.2731022
3,CLARABEL,0.2522482
4,GUROBI,0.05800008773803711
5,GUROBI,0.06299996376037598
6,MOSEK,0.188
7,MOSEK,0.203
8,OSQP,2.8446714
9,OSQP,2.9673672
10,SCS,1.1794565
11,SCS,1.1752601999999999
