,Solver,Solve Time
0,CVXPY,0.1080501
1,CVXPY,0.09865679999999999
2,CLARABEL,0.2551827
3,CLARABEL,0.2342028
4,GUROBI,0.06200003623962402
5,GUROBI,0.0839998722076416
6,MOSEK,0.203
7,MOSEK,0.219
8,OSQP,2.9596001000000003
9,OSQP,3.0106618999999997
10,SCS,1.1220241000000002
11,SCS,1.1018823
