,Solver,Solve Time,Success
0,CVXPY,0.1100267,True
1,CVXPY,0.0919188,True
2,CLARABEL,0.2266754,True
3,CLARABEL,0.2050021,True
4,GUROBI,0.08699989318847656,True
5,GUROBI,0.08699989318847656,True
6,MOSEK,0.218,True
7,MOSEK,0.218,True
8,OSQP,1.7843149,True
9,OSQP,1.7819321,True
10,SCS,1.1927656,True
11,SCS,1.2048161,True
