,Solver,Solve Time,Success
0,CVXPY,0.11783389999999999,True
1,CVXPY,0.1021987,True
2,CLARABEL,0.2560349,True
3,CLARABEL,0.2394162,True
4,GUROBI,0.07299995422363281,True
5,GUROBI,0.07899999618530273,True
6,MOSEK,0.203,True
7,MOSEK,0.187,True
8,OSQP,2.0744908,True
9,OSQP,1.9276952,True
10,SCS,1.1336646000000001,True
11,SCS,1.1615183999999998,True
