,Solver,Solve Time,Success
0,CVXPY,0.0600763,True
1,CVXPY,0.0672489,True
2,CLARABEL,0.1654092,True
3,CLARABEL,0.1400721,True
4,GUROBI,0.016000032424926758,True
5,GUROBI,0.04800009727478027,True
6,MOSEK,0.14100000000000001,True
7,MOSEK,0.14100000000000001,True
8,OSQP,1.4628892,True
9,OSQP,1.4639481,True
10,SCS,0.5823906,True
11,SCS,0.3594031,True
