,Solver,Solve Time,Success
0,CVXPY,0.09877649999999999,True
1,CVXPY,0.11063790000000001,True
2,CLARABEL,0.2621863,True
3,CLARABEL,0.2258322,True
4,GUROBI,0.02700018882751465,True
5,GUROBI,0.06500005722045898,True
6,MOSEK,0.203,True
7,MOSEK,0.203,True
8,OSQP,1.7820467,True
9,OSQP,1.8067418000000002,True
10,SCS,1.9047524,True
11,SCS,1.1445726999999999,True
