,Solver,Solve Time,Success
0,CVXPY,0.07793989999999999,True
1,CVXPY,0.0713369,True
2,CLARABEL,0.155713,True
3,CLARABEL,0.141386,True
4,GUROBI,0.051999807357788086,True
5,GUROBI,0.05900001525878906,True
6,MOSEK,0.125,True
7,MOSEK,0.125,True
8,OSQP,1.3545864,True
9,OSQP,1.370415,True
10,SCS,0.38550270000000003,True
11,SCS,0.38475159999999997,True
