,Solver,Solve Time
0,CVXPY,0.07278939999999999
1,CLARABEL,0.149679
2,GUROBI,0.032000064849853516
3,MOSEK,0.125
4,OSQP,1.0130187
5,SCS,0.28078719999999996
