,Solver,Solve Time
0,CVXPY,0.0729042
1,CVXPY,0.0672173
2,CLARABEL,0.1527438
3,CLARABEL,0.1397435
4,GUROBI,0.03299999237060547
5,GUROBI,0.04699993133544922
6,MOSEK,0.157
7,MOSEK,0.157
8,OSQP,1.2997347000000001
9,OSQP,1.3006805
10,SCS,0.3520956
11,SCS,0.352832
