,Solver,Solve Time,Success
0,CVXPY,0.1126827,False
1,CVXPY,0.1002513,False
2,CLARABEL,0.2324606,False
3,CLARABEL,0.2111772,False
4,GUROBI,0.06299996376037598,False
5,GUROBI,0.07899999618530273,False
6,MOSEK,0.188,False
7,MOSEK,0.17200000000000001,False
8,OSQP,2.4395930999999997,False
9,OSQP,2.3115177,False
10,SCS,1.1426934000000002,False
11,SCS,1.1457843,False
