,Solver,Solve Time,Success
0,CVXPY,0.0601938,True
1,CVXPY,0.0678402,True
2,CLARABEL,0.1991242,True
3,CLARABEL,0.1670639,True
4,GUROBI,0.03900003433227539,True
5,GUROBI,0.06299996376037598,True
6,MOSEK,0.14,True
7,MOSEK,0.14,True
8,OSQP,1.5029839,True
9,OSQP,1.5039974999999999,True
10,SCS,0.662535,True
11,SCS,0.38613099999999995,True
