,Solver,Solve Time
0,CVXPY,0.10231679999999999
1,CVXPY,0.0930112
2,CLARABEL,0.2828722
3,CLARABEL,0.2534891
4,GUROBI,0.07700014114379883
5,GUROBI,0.06599998474121094
6,MOSEK,0.203
7,MOSEK,0.203
8,OSQP,2.4821339
9,OSQP,2.8335410000000003
10,SCS,1.1564510000000001
11,SCS,1.1425530000000002
