,Solver,Solve Time
0,CVXPY,0.0726305
1,CLARABEL,0.1490436
2,GUROBI,0.031999826431274414
3,MOSEK,0.125
4,OSQP,1.0689663999999999
5,SCS,0.2830898
