,Solver,Solve Time,Success
0,CVXPY,0.0733802,True
1,CVXPY,0.06634399999999999,True
2,CLARABEL,0.1691734,True
3,CLARABEL,0.1534628,True
4,GUROBI,0.039999961853027344,True
5,GUROBI,0.05099987983703613,True
6,MOSEK,0.14,True
7,MOSEK,0.14,True
8,OSQP,1.3890521000000002,True
9,OSQP,1.4197369,True
10,SCS,0.34762909999999997,True
11,SCS,0.3479753,True
