,Solver,Solve Time
0,CVXPY,0.0753266
1,CVXPY,0.0680114
2,CLARABEL,0.1911039
3,CLARABEL,0.1728343
4,GUROBI,0.04900002479553223
5,GUROBI,0.04900002479553223
6,MOSEK,0.125
7,MOSEK,0.125
8,OSQP,1.3738161
9,OSQP,1.4009114
10,SCS,0.3940384
11,SCS,0.39975720000000003
