,Solver,Solve Time
0,CVXPY,0.14516089999999998
1,CLARABEL,0.315304
2,GUROBI,0.051000118255615234
3,MOSEK,0.187
4,OSQP,1.8189025
