,Solver,Solve Time,Success
0,CVXPY,0.0606383,True
1,CVXPY,0.06896379999999999,True
2,CLARABEL,0.1749699,True
3,CLARABEL,0.141705,True
4,GUROBI,0.02500009536743164,True
5,GUROBI,0.051000118255615234,True
6,MOSEK,0.14,True
7,MOSEK,0.14,True
8,OSQP,1.4582672,True
9,OSQP,1.4561673000000002,True
10,SCS,0.5519402999999999,True
11,SCS,0.3305211,True
