,Solver,Solve Time,Success
0,CVXPY,0.2670925,True
1,CVXPY,0.0560224,True
2,CLARABEL,0.0028025,True
3,CLARABEL,0.0027711,True
4,GUROBI,0.0,True
5,GUROBI,0.0,True
6,MOSEK,0.016,True
7,MOSEK,0.016,True
8,OSQP,1.384624,True
9,OSQP,0.7800472,True
10,PDLP,0.07525760000000001,True
11,PDLP,0.06627930000000001,True
12,SCS,0.44093340000000003,True
13,SCS,0.4679585,True
