,Solver,Solve Time,Success
0,CVXPY,0.0889949,True
1,CVXPY,0.1285202,True
2,CLARABEL,0.0023866,True
3,CLARABEL,0.002357,True
4,GUROBI,0.007999897003173828,True
5,GUROBI,0.007999897003173828,True
6,MOSEK,0.0,True
7,MOSEK,0.0,True
8,OSQP,0.7476472999999999,True
9,OSQP,0.7954087,True
10,PDLP,0.09769370000000001,True
11,PDLP,0.0803957,True
12,SCS,0.5848996,True
13,SCS,0.5282575,True
