,Solver,Solve Time,Success
0,CVXPY,0.11653409999999999,True
1,CVXPY,0.3218809,True
2,CLARABEL,0.0085755,True
3,CLARABEL,0.006587,True
4,GUROBI,0.0279998779296875,True
5,GUROBI,0.0279998779296875,True
6,MOSEK,0.0,True
7,MOSEK,0.0,True
8,OSQP,0.9096963,True
9,OSQP,1.1030246,True
10,PDLP,0.0800019,True
11,PDLP,0.1078885,True
12,SCS,0.5500538,True
13,SCS,0.5639433,True
