,Solver,Solve Time,Success
0,CVXPY,0.10336310000000001,True
1,CVXPY,0.1472674,True
2,CLARABEL,0.0038936,True
3,CLARABEL,0.0084085,True
4,GUROBI,0.0,True
5,GUROBI,0.0,True
6,MOSEK,0.0,True
7,MOSEK,0.015,True
8,OSQP,2.2017765000000002,True
9,OSQP,3.0307608999999998,True
10,PDLP,0.0995257,True
11,PDLP,0.16112880000000002,True
12,SCS,0.9016265,True
13,SCS,1.2363161,True
