,Solver,Solve Time,Success
0,CVXPY,0.2801809,True
1,CVXPY,0.13705949999999997,True
2,CLARABEL,0.006815,True
3,CLARABEL,0.0062679,True
4,GUROBI,0.004000186920166016,True
5,GUROBI,0.003000020980834961,True
6,MOSEK,0.0,True
7,MOSEK,0.0,True
8,OSQP,4.2045061,True
9,OSQP,1.3387709,True
10,PDLP,0.2035827,True
11,PDLP,0.1235615,True
12,SCS,2.7637381,True
13,SCS,1.7038557,True
