,Solver,Solve Time,Success
0,CVXPY,0.1862106,True
1,CVXPY,0.06463460000000001,True
2,CLARABEL,0.0026272,True
3,CLARABEL,0.0023511,True
4,GUROBI,0.016000032424926758,True
5,GUROBI,0.0,True
6,MOSEK,0.016,True
7,MOSEK,0.016,True
8,OSQP,1.0602592,True
9,OSQP,0.8433877,True
10,PDLP,0.08497060000000001,True
11,PDLP,0.0786889,True
12,SCS,0.6970842,True
13,SCS,0.4298093,True
