,Solver,Solve Time
0,CVXPY,0.00025570000000000004
1,CLARABEL,0.0001319
2,GUROBI,0.0
3,MOSEK,fail
4,OSQP,0.00031749999999999997
5,PDLP,3
6,SCS,0.0002422
