,Solver,Solve Time,Success
0,CVXPY,0.0692944,True
1,CVXPY,0.11606109999999999,True
2,CLARABEL,0.0025127,True
3,CLARABEL,0.0028376,True
4,GUROBI,0.011999845504760742,True
5,GUROBI,0.0,True
6,MOSEK,0.0,True
7,MOSEK,0.0,True
8,OSQP,0.9445811,True
9,OSQP,1.2230623999999999,True
10,PDLP,0.10125110000000001,True
11,PDLP,0.0739402,True
12,SCS,0.7853127,True
13,SCS,0.514532,True
