,Solver,Solve Time,Success
0,CVXPY,0.4954036,True
1,CVXPY,0.1676879,True
2,CLARABEL,0.003886,True
3,CLARABEL,0.0036176,True
4,GUROBI,0.016000032424926758,True
5,GUROBI,0.016000032424926758,True
6,MOSEK,0.015,True
7,MOSEK,0.015,True
8,OSQP,2.5087037,True
9,OSQP,2.9772479,True
10,PDLP,0.103739,True
11,PDLP,0.11201130000000001,True
12,SCS,1.2474233,True
13,SCS,1.1074411,True
