,Solver,Solve Time,Success
0,CVXPY,0.13311599999999998,True
1,CVXPY,0.1275577,True
2,CLARABEL,0.0042711,True
3,CLARABEL,0.0041987,True
4,GUROBI,0.015999794006347656,True
5,GUROBI,0.015999794006347656,True
6,MOSEK,0.016,True
7,MOSEK,0.016,True
8,OSQP,3.1744228999999997,True
9,OSQP,3.9829980000000003,True
10,PDLP,0.12270890000000001,True
11,PDLP,0.1236619,True
12,SCS,0.9861544,True
13,SCS,1.2438353,True
